<c:FragmentDefinition
    xmlns="sap.m"
    xmlns:c="sap.ui.core"
>
    <Table
        id="idPersonalFormListSetTableDeclined"
        items="{
            path: 'jsonModel>/PersonalFormListSet',
            filters: [{
                path: 'Statu',
                operator: 'EQ',
                value1: '03'
            }]
        }"
        fixedLayout="false"
        growing="true"
        growingThreshold="15"
        growingScrollToLoad="true"
    >
        <headerToolbar>
            <OverflowToolbar class="sapUiTinyMarginTop">
                <Title text="Talep Listem" />
                <ToolbarSpacer />
                <SearchField
                    fieldGroupIds="searchField"
                    showRefreshButton="false"
                    enableSuggestions="true"
                    tooltip="{i18n>listSearchTooltip}"
                    search="_onSearchcidMyPYPListTableAll($event, 'idPersonalFormListSetTableDeclined', '03')"
                    width="auto"
                >
                    <SuggestionItem
                        key="{jsonModel>Guid}"
                        text="{jsonModel>Guid}"
                    />
                </SearchField>
                <Button
                    press="refreshTransferedTable($event, 'idPersonalFormListSetTableDeclined')"
                    icon="sap-icon://refresh"
                    type="Emphasized"
                />
                <Button
                    press=".onOpenViewSettings"
                    icon="sap-icon://sort"
                    type="Transparent"
                />
            </OverflowToolbar>
        </headerToolbar>
        <columns>
            <Column>
                <Text text="Talep No" />
            </Column>
            <Column minScreenWidth="Tablet" demandPopin="true">
                <Text text="Talep Edilen Pozisyon" />
            </Column>
            <Column minScreenWidth="Tablet" demandPopin="true">
                <Text text="Talep Edilen Çalışan Sayısı" />
            </Column>
            <Column minScreenWidth="Tablet" demandPopin="true">
                <Text text="Çalışacağı Lokasyon" />
            </Column>
            <Column minScreenWidth="Tablet" demandPopin="true">
                <Text text="Onay Durumu" />
            </Column>
            <Column minScreenWidth="Tablet" demandPopin="true">
                <Text text="Red Nedeni" />
            </Column>
            <Column minScreenWidth="Tablet" demandPopin="true">
                <Text text="Red Eden" />
            </Column>
            <Column hAlign="End">
                <Text text="" />
            </Column>
        </columns>
        <items>
            <ColumnListItem>
                <ObjectIdentifier text="{
                    path: 'jsonModel>Guid'
                }" />
                <ObjectIdentifier text="{= ${jsonModel>Tplanstext} === '' ? ${jsonModel>Pozisy} : ${jsonModel>Tplanstext} }" />
                <ObjectIdentifier text="{
                    path: 'jsonModel>Tcsayi',
                    type: 'sap.ui.model.odata.type.String',
                    constraints: {
                        isDigitSequence: true,
                        maxLength: 10
                    }
                }" />
                <ObjectIdentifier text="{jsonModel>Btext}" />
                <ObjectStatus
                    text="{
                        path: 'jsonModel>Statu',
                        formatter: '.formatter.setStatusText'
                    }"
                    icon="{
                        path: 'jsonModel>Statu',
                        formatter: '.formatter.setStatusIcon'
                    }"
                    state="{
                        path: 'jsonModel>Statu',
                        formatter: '.formatter.setStatusState'
                    }"
                />
                <!-- <ObjectIdentifier text="Açıklama" /> -->
                <Button
                    id="denyAciklamaButton"
                    text="Açıklama"
                    press="_denyPopOver"
                    ariaHasPopup="Dialog"
                />
                <ObjectIdentifier text="{jsonModel>Onaye}" />
                <!-- <MenuButton text="İşlemler">
                    <menu>
                        <Menu>
                            <MenuItem
                                text="Ayrıntıları Görüntüle"
                                icon="sap-icon://show"
                                press="navigateToShowDetail"
                            />
                            <MenuItem
                                text="Açıklama"
                                icon="sap-icon://notes"
                                press="onPressShowDenyText"
                            />
                        </Menu>
                    </menu>
                </MenuButton> -->
                <Button
                    icon="sap-icon://show"
                    press="navigateToShowDetail"
                />
                <!-- <ObjectIdentifier text="{= ${Statu} === '01' ? 'Onayda' : ''}" /> -->
            </ColumnListItem>
        </items>
    </Table>
</c:FragmentDefinition>