<c:FragmentDefinition
    xmlns="sap.m"
    xmlns:c="sap.ui.core"
>
    <Table
        id="idPersonalFormListSetTableTransfered"
        items="{
            path: 'jsonModel>/PersonalFormListSet',
            filters: [{
                path: 'Statu',
                operator: 'EQ',
                value1: '05'
            }]
        }"
        mode="None"
        selectionChange="onPersonalFormListSetTableSelectionChange"
        itemPress="onPersonalFormListSetTableItemPress"
        fixedLayout="false"
        growing="true"
        growingThreshold="15"
        growingScrollToLoad="true"
    >
        <headerToolbar>
            <OverflowToolbar class="sapUiTinyMarginTop">
                <Title text="Talep Listem" />
                <ToolbarSpacer />
                <!-- <Button
                    press="resetSelections($event, 'idPersonalFormListSetTableTransfered')"
                    icon="sap-icon://reset"
                    type="Emphasized"
                /> -->
                <SearchField
                    fieldGroupIds="searchField"
                    showRefreshButton="false"
                    enableSuggestions="true"
                    tooltip="{i18n>listSearchTooltip}"
                    search="_onSearchcidMyPYPListTableAll($event, 'idPersonalFormListSetTableTransfered', '05')"
                    width="auto"
                >
                    <SuggestionItem
                        key="{jsonModel>Guid}"
                        text="{jsonModel>Guid}"
                    />
                </SearchField>
                <Button
                    press="refreshTransferedTable($event, 'idPersonalFormListSetTableTransfered')"
                    icon="sap-icon://refresh"
                    type="Emphasized"
                />
                <Button
                    press=".onOpenViewSettings"
                    icon="sap-icon://sort"
                    type="Transparent"
                />
                <Button
                    text="Onaya Gönder"
                    visible="{= ${jsonModel>/sendToApproveSPaths}.length > 0 ? true : false}"
                    press="onOnayaGnderButtonPress"
                    type="Accept"
                    icon="sap-icon://paper-plane"
                />
            </OverflowToolbar>
        </headerToolbar>
        <columns>
            <Column>
                <Text text="Talep No" />
            </Column>
            <Column minScreenWidth="Tablet" demandPopin="true">
                <Text text="Talep Edilen Pozisyon" />
            </Column>
            <Column minScreenWidth="Tablet" demandPopin="true">
                <Text text="Talep Edilen Çalışan Sayısı" />
            </Column>
            <Column minScreenWidth="Tablet" demandPopin="true">
                <Text text="Çalışacağı Lokasyon" />
            </Column>
            <Column minScreenWidth="Tablet" demandPopin="true">
                <Text text="Onay Durumu" />
            </Column>
            <Column hAlign="End">
                <Text text="" />
            </Column>
        </columns>
        <items>
            <ColumnListItem>
                <ObjectIdentifier text="{
                    path: 'jsonModel>Guid'
                }" />
                <ObjectIdentifier text="{= ${jsonModel>Tplanstext} === '' ? ${jsonModel>Pozisy} : ${jsonModel>Tplanstext} }" />
                <ObjectIdentifier text="{
                    path: 'jsonModel>Tcsayi',
                    type: 'sap.ui.model.odata.type.String',
                    constraints: {
                        isDigitSequence: true,
                        maxLength: 10
                    }
                }" />
                <ObjectIdentifier text="{jsonModel>Btext}" />
                <ObjectStatus
                    text="{
                        path: 'jsonModel>Statu',
                        formatter: '.formatter.setStatusText'
                    }"
                    icon="{
                        path: 'jsonModel>Statu',
                        formatter: '.formatter.setStatusIcon'
                    }"
                    state="{
                        path: 'jsonModel>Statu',
                        formatter: '.formatter.setStatusState'
                    }"
                />
                <Button
                    icon="sap-icon://edit"
                    press="onEditDraftButton"
                />
                <!-- <MenuButton
                    text="İşlemler"
                    enabled="{model>/menuStatu}"
                >
                    <menu>
                        <Menu>
                            <MenuItem
                                text="Ek Görüntüle"
                                icon="sap-icon://attachment"
                                press="onPressAttachments"
                            />
                            <MenuItem
                                icon="sap-icon://user-edit"
                                visible="{= ${leaveRequestListModel>Statu} === '01' ? true : false}"
                                press="onPressEdit"
                                text="Düzenle"
                            />
                            <MenuItem
                                text="Sil"
                                class="deleteButtonClass"
                                icon="sap-icon://delete"
                                visible="{= ${leaveRequestListModel>Statu} === '01' ? true : false}"
                                press="onPressDelete"
                            />
                            <MenuItem
                                text="Formu Görüntüle"
                                icon="sap-icon://pdf-attachment"
                                visible="{= ${leaveRequestListModel>Statu} === '02' ? true : false}"
                                press="onPressPDF"
                            />
                        </Menu>
                    </menu>
                </MenuButton> -->
                <!-- <ObjectIdentifier text="{= ${Statu} === '01' ? 'Onayda' : ''}" /> -->
            </ColumnListItem>
        </items>
    </Table>
</c:FragmentDefinition>