<core:FragmentDefinition
    xmlns="sap.m"
    xmlns:core="sap.ui.core"
>
    <Dialog
        id="idDepartmentVHelpDialog"
        title="Departman Seçimi"
        type="Standard"
        escapeHandler="._closeDialog"
    >
        <subHeader>
            <OverflowToolbar>
                <SearchField
                    liveChange="_departmentVHelpSearch"
                    width="100%"
                />
            </OverflowToolbar>
        </subHeader>
        <content>
            <!-- <List
                id="idSHelpPositionTreeDataTree"
                items="{
                    path : 'jsonModel>/sHelpDepertman'
                }"
                selectionChange="onSHelpDepertmanListSelectionChange"
                mode="SingleSelectMaster"
                growing="true"
                includeItemInSelection="true">
                <StandardListItem
                    title="{
                        path: 'jsonModel>text'
                    }"
                    info="{jsonModel>Objid}"
                    iconDensityAware="false"
                    iconInset="false" />
            </List> -->
             <Tree
                id="idSHelpPositionTreeDataTree"
                selectionChange="onSHelpDepertmanListSelectionChange"
                items="{jsonModel>/sHelpDepartment}"
                mode="SingleSelectMaster"
            >
                <StandardTreeItem
                    icon="{jsonModel>ref}"
                    title="{jsonModel>text}"
                    highlightText="{jsonModel>Objid}"
                >
                    <customData>
                    <core:CustomData key="Otype" value="{jsonModel>Otype}" writeToDom="true"></core:CustomData>
                    </customData>
                </StandardTreeItem>
            </Tree>
        </content>
        <buttons>
            <Button
                text="Kapat"
                press="_closeDialog"
            />
        </buttons>
    </Dialog>
</core:FragmentDefinition>
